
<resources>
    <color name="seed">#EBECE4</color>
    <color name="md_theme_light_primary">#356A21</color>
    <color name="md_theme_light_onPrimary">#FFFFFF</color>
    <color name="md_theme_light_primaryContainer">#B6F399</color>
    <color name="md_theme_light_onPrimaryContainer">#052100</color>
    <color name="md_theme_light_secondary">#885200</color>
    <color name="md_theme_light_onSecondary">#FFFFFF</color>
    <color name="md_theme_light_secondaryContainer">#FFDDBB</color>
    <color name="md_theme_light_onSecondaryContainer">#2B1700</color>
    <color name="md_theme_light_tertiary">#8534BF</color>
    <color name="md_theme_light_onTertiary">#FFFFFF</color>
    <color name="md_theme_light_tertiaryContainer">#F3DAFF</color>
    <color name="md_theme_light_onTertiaryContainer">#2E004D</color>
    <color name="md_theme_light_error">#BA1A1A</color>
    <color name="md_theme_light_errorContainer">#FFDAD6</color>
    <color name="md_theme_light_onError">#FFFFFF</color>
    <color name="md_theme_light_onErrorContainer">#410002</color>
    <color name="md_theme_light_background">#FFFBFF</color>
    <color name="md_theme_light_onBackground">#24005A</color>
    <color name="md_theme_light_surface">#FFFBFF</color>
    <color name="md_theme_light_onSurface">#24005A</color>
    <color name="md_theme_light_surfaceVariant">#DFE4D7</color>
    <color name="md_theme_light_onSurfaceVariant">#43483F</color>
    <color name="md_theme_light_outline">#73796E</color>
    <color name="md_theme_light_inverseOnSurface">#F6EDFF</color>
    <color name="md_theme_light_inverseSurface">#3A1D71</color>
    <color name="md_theme_light_inversePrimary">#9BD67F</color>
    <color name="md_theme_light_shadow">#000000</color>
    <color name="md_theme_light_surfaceTint">#356A21</color>
    <color name="md_theme_light_outlineVariant">#C3C8BB</color>
    <color name="md_theme_light_scrim">#000000</color>
    <color name="md_theme_dark_primary">#9BD67F</color>
    <color name="md_theme_dark_onPrimary">#0D3900</color>
    <color name="md_theme_dark_primaryContainer">#1D5109</color>
    <color name="md_theme_dark_onPrimaryContainer">#B6F399</color>
    <color name="md_theme_dark_secondary">#FFB868</color>
    <color name="md_theme_dark_onSecondary">#482900</color>
    <color name="md_theme_dark_secondaryContainer">#673D00</color>
    <color name="md_theme_dark_onSecondaryContainer">#FFDDBB</color>
    <color name="md_theme_dark_tertiary">#E2B6FF</color>
    <color name="md_theme_dark_onTertiary">#4D007B</color>
    <color name="md_theme_dark_tertiaryContainer">#6B10A5</color>
    <color name="md_theme_dark_onTertiaryContainer">#F3DAFF</color>
    <color name="md_theme_dark_error">#FFB4AB</color>
    <color name="md_theme_dark_errorContainer">#93000A</color>
    <color name="md_theme_dark_onError">#690005</color>
    <color name="md_theme_dark_onErrorContainer">#FFDAD6</color>
    <color name="md_theme_dark_background">#24005A</color>
    <color name="md_theme_dark_onBackground">#EADDFF</color>
    <color name="md_theme_dark_surface">#24005A</color>
    <color name="md_theme_dark_onSurface">#EADDFF</color>
    <color name="md_theme_dark_surfaceVariant">#43483F</color>
    <color name="md_theme_dark_onSurfaceVariant">#C3C8BB</color>
    <color name="md_theme_dark_outline">#8D9387</color>
    <color name="md_theme_dark_inverseOnSurface">#24005A</color>
    <color name="md_theme_dark_inverseSurface">#EADDFF</color>
    <color name="md_theme_dark_inversePrimary">#356A21</color>
    <color name="md_theme_dark_shadow">#000000</color>
    <color name="md_theme_dark_surfaceTint">#9BD67F</color>
    <color name="md_theme_dark_outlineVariant">#43483F</color>
    <color name="md_theme_dark_scrim">#000000</color>
    <color name="CustomColor1">#8A7166</color>
</resources>
